"post_title","post_name","ID","post_excerpt","post_content","post_status","menu_order","post_date","post_author","comment_status","sku","downloadable","virtual","stock","regular_price","sale_price","weight","length","width","height","tax_class","visibility","stock_status","backorders","manage_stock","tax_status","upsell_ids","crosssell_ids","featured","sale_price_dates_from","sale_price_dates_to","download_limit","download_expiry","product_url","button_text","images","downloadable_files","tax:product_type","tax:product_visibility","tax:product_cat","tax:product_tag","tax:product_shipping_class","attribute:pa_color","attribute_data:pa_color","attribute_default:pa_color","attribute:pa_size","attribute_data:pa_size","attribute_default:pa_size"
"Apple iPhone X 256 GB T-Mobile","apple-iphone-x-256-gb-t-mobile","136","In aliquet urna non posuere ultrices. Aliquam non egestas eros.

Nullam et luctus nisi. Proin sit amet semper felis. Sed eu metus magna. Aenean eros elit, luctus vel posuere ac, tempus egestas purus.

Lorem ipsum dolor sit amet, consectetur adipiscing elit. Aenean in vehicula ipsum.","Aliquam cursus orci justo, at volutpat ex fringilla quis. Cras volutpat urna est, eu interdum nibh finibus ac. Suspendisse porttitor ex risus, at vulputate augue aliquet in. Cras pulvinar et nisi id pulvinar. Proin luctus bibendum tellus eget laoreet. Aliquam a odio eu quam posuere egestas. Donec efficitur, felis id pretium vulputate, enim leo congue turpis, et sollicitudin est diam eget mi. Ut eu mauris nec diam fringilla dictum.

Donec quam nunc, tempus iaculis consectetur at, fermentum non erat. Morbi vel suscipit ligula. Nulla sit amet tempor nisi. Quisque lacinia rhoncus turpis, dapibus congue arcu elementum eu. Nam maximus diam sed sapien pharetra tristique. Duis sollicitudin turpis in turpis porta, sit amet facilisis nulla vehicula. Sed at vestibulum magna. Etiam nisi tellus, semper nec accumsan eu, pellentesque nec lorem. Aliquam lacinia interdum lectus, at mattis enim vehicula ut. In molestie lobortis ex non porttitor. Vestibulum sed luctus diam. Morbi imperdiet sit amet tortor eu tincidunt. Nulla augue lectus, gravida a nulla a, dapibus viverra lectus. Nam finibus urna eget eros convallis, non hendrerit massa semper.

In aliquet urna non posuere ultrices. Aliquam non egestas eros. Nullam et luctus nisi. Proin sit amet semper felis. Sed eu metus magna. Aenean eros elit, luctus vel posuere ac, tempus egestas purus. Lorem ipsum dolor sit amet, consectetur adipiscing elit. Pellentesque bibendum massa eu neque eleifend ultricies. Aenean in vehicula ipsum.","publish","0","2018-02-24 09:57:45","1","open","115G789","no","no","36","1350.00","1200.00","","","","","","","instock","no","yes","taxable","","","","","","-1","-1","","","http://katyzan.ticthemes.com/wp-content/uploads/2018/02/Product-9.jpg | http://katyzan.ticthemes.com/wp-content/uploads/2018/02/Product-8.jpg | http://katyzan.ticthemes.com/wp-content/uploads/2018/02/pro-43.jpg | http://katyzan.ticthemes.com/wp-content/uploads/2018/02/Product-10.jpg | http://katyzan.ticthemes.com/wp-content/uploads/2018/02/pro-42.jpg | http://katyzan.ticthemes.com/wp-content/uploads/2018/02/Product-40.jpg | http://katyzan.ticthemes.com/wp-content/uploads/2018/02/Pro-41.jpg","","variable","","Camera, Photo &amp; Video|Cell Phones &amp; Accessories|New Arrivals|Top 100 Best Seller","Apple|Hot Products","","Black|Blue|Orange|Pink|Red|White","0|1|1","","","",""
"Sony Noise Cancelling Headphones","sony-noise-cancelling-headphones","137","Duis sollicitudin turpis in turpis porta, sit amet facilisis nulla vehicula. Sed at vestibulum magna.

Etiam nisi tellus, semper nec accumsan eu, pellentesque nec lorem.

Aliquam lacinia interdum lectus, at mattis enim vehicula ut. In molestie lobortis ex non porttitor.","Aliquam cursus orci justo, at volutpat ex fringilla quis. Cras volutpat urna est, eu interdum nibh finibus ac. Suspendisse porttitor ex risus, at vulputate augue aliquet in. Cras pulvinar et nisi id pulvinar. Proin luctus bibendum tellus eget laoreet. Aliquam a odio eu quam posuere egestas. Donec efficitur, felis id pretium vulputate, enim leo congue turpis, et sollicitudin est diam eget mi. Ut eu mauris nec diam fringilla dictum.

Donec quam nunc, tempus iaculis consectetur at, fermentum non erat. Morbi vel suscipit ligula. Nulla sit amet tempor nisi. Quisque lacinia rhoncus turpis, dapibus congue arcu elementum eu. Nam maximus diam sed sapien pharetra tristique. Duis sollicitudin turpis in turpis porta, sit amet facilisis nulla vehicula. Sed at vestibulum magna. Etiam nisi tellus, semper nec accumsan eu, pellentesque nec lorem. Aliquam lacinia interdum lectus, at mattis enim vehicula ut. In molestie lobortis ex non porttitor. Vestibulum sed luctus diam. Morbi imperdiet sit amet tortor eu tincidunt. Nulla augue lectus, gravida a nulla a, dapibus viverra lectus. Nam finibus urna eget eros convallis, non hendrerit massa semper.

In aliquet urna non posuere ultrices. Aliquam non egestas eros. Nullam et luctus nisi. Proin sit amet semper felis. Sed eu metus magna. Aenean eros elit, luctus vel posuere ac, tempus egestas purus. Lorem ipsum dolor sit amet, consectetur adipiscing elit. Pellentesque bibendum massa eu neque eleifend ultricies. Aenean in vehicula ipsum.","publish","0","2018-02-24 10:00:22","1","open","115H780","no","no","","45.00","","","","","","","","instock","no","no","taxable","","","","","","-1","-1","","","http://katyzan.ticthemes.com/wp-content/uploads/2018/02/Product-5.jpg | http://katyzan.ticthemes.com/wp-content/uploads/2018/02/Product-4.jpg | http://katyzan.ticthemes.com/wp-content/uploads/2018/02/Product-7.jpg | http://katyzan.ticthemes.com/wp-content/uploads/2018/02/Product-6.jpg","","simple","","Cell Phones &amp; Accessories|Headphones|Home Audio &amp; Theater|Top 100 Best Seller","New Products|Sony","","","","","","",""
"Wireless Bluetooth Speaker White","wireless-bluetooth-speaker-white","138","Duis sollicitudin turpis in turpis porta, sit amet facilisis nulla vehicula.

Sed at vestibulum magna. Etiam nisi tellus, semper nec accumsan eu, pellentesque nec lorem.

Aliquam lacinia interdum lectus, at mattis enim vehicula ut.","Aliquam cursus orci justo, at volutpat ex fringilla quis. Cras volutpat urna est, eu interdum nibh finibus ac. Suspendisse porttitor ex risus, at vulputate augue aliquet in. Cras pulvinar et nisi id pulvinar. Proin luctus bibendum tellus eget laoreet. Aliquam a odio eu quam posuere egestas. Donec efficitur, felis id pretium vulputate, enim leo congue turpis, et sollicitudin est diam eget mi. Ut eu mauris nec diam fringilla dictum.

Donec quam nunc, tempus iaculis consectetur at, fermentum non erat. Morbi vel suscipit ligula. Nulla sit amet tempor nisi. Quisque lacinia rhoncus turpis, dapibus congue arcu elementum eu. Nam maximus diam sed sapien pharetra tristique. Duis sollicitudin turpis in turpis porta, sit amet facilisis nulla vehicula. Sed at vestibulum magna. Etiam nisi tellus, semper nec accumsan eu, pellentesque nec lorem. Aliquam lacinia interdum lectus, at mattis enim vehicula ut. In molestie lobortis ex non porttitor. Vestibulum sed luctus diam. Morbi imperdiet sit amet tortor eu tincidunt. Nulla augue lectus, gravida a nulla a, dapibus viverra lectus. Nam finibus urna eget eros convallis, non hendrerit massa semper.

In aliquet urna non posuere ultrices. Aliquam non egestas eros. Nullam et luctus nisi. Proin sit amet semper felis. Sed eu metus magna. Aenean eros elit, luctus vel posuere ac, tempus egestas purus. Lorem ipsum dolor sit amet, consectetur adipiscing elit. Pellentesque bibendum massa eu neque eleifend ultricies. Aenean in vehicula ipsum.","publish","0","2018-02-24 10:04:52","1","open","115G787","no","no","","85.00","","","","","","","","instock","no","no","taxable","","","","","","-1","-1","","","http://katyzan.ticthemes.com/wp-content/uploads/2018/02/Product-2.jpg | http://katyzan.ticthemes.com/wp-content/uploads/2018/02/Product-3.jpg","","simple","","Cell Phones &amp; Accessories|Home Audio &amp; Theater|Top 100 Best Seller","Harman Kardon|Hot Products","","","","","","",""
"Beats Solo Wireless On-Ear Headphones Pink","beats-solo-wireless-on-ear-headphones-pink","192","In aliquet urna non posuere ultrices. Aliquam non egestas eros.

Nullam et luctus nisi. Proin sit amet semper felis. Sed eu metus magna. Aenean eros elit egestas purus.

Lorem ipsum dolor sit amet, consectetur adipiscing elit. Aenean in vehicula ipsum.","Aliquam cursus orci justo, at volutpat ex fringilla quis. Cras volutpat urna est, eu interdum nibh finibus ac. Suspendisse porttitor ex risus, at vulputate augue aliquet in. Cras pulvinar et nisi id pulvinar. Proin luctus bibendum tellus eget laoreet. Aliquam a odio eu quam posuere egestas. Donec efficitur, felis id pretium vulputate, enim leo congue turpis, et sollicitudin est diam eget mi. Ut eu mauris nec diam fringilla dictum.

Donec quam nunc, tempus iaculis consectetur at, fermentum non erat. Morbi vel suscipit ligula. Nulla sit amet tempor nisi. Quisque lacinia rhoncus turpis, dapibus congue arcu elementum eu. Nam maximus diam sed sapien pharetra tristique. Duis sollicitudin turpis in turpis porta, sit amet facilisis nulla vehicula. Sed at vestibulum magna. Etiam nisi tellus, semper nec accumsan eu, pellentesque nec lorem. Aliquam lacinia interdum lectus, at mattis enim vehicula ut. In molestie lobortis ex non porttitor. Vestibulum sed luctus diam. Morbi imperdiet sit amet tortor eu tincidunt. Nulla augue lectus, gravida a nulla a, dapibus viverra lectus. Nam finibus urna eget eros convallis, non hendrerit massa semper.

In aliquet urna non posuere ultrices. Aliquam non egestas eros. Nullam et luctus nisi. Proin sit amet semper felis. Sed eu metus magna. Aenean eros elit, luctus vel posuere ac, tempus egestas purus. Lorem ipsum dolor sit amet, consectetur adipiscing elit. Pellentesque bibendum massa eu neque eleifend ultricies. Aenean in vehicula ipsum.","publish","0","2018-02-26 08:20:31","1","open","115K780","no","no","","96.00","79.99","","","","","","","instock","no","no","taxable","","","","","","-1","-1","","","http://katyzan.ticthemes.com/wp-content/uploads/2018/02/Product-12.jpg | http://katyzan.ticthemes.com/wp-content/uploads/2018/02/pro-46.jpg | http://katyzan.ticthemes.com/wp-content/uploads/2018/02/pro-44.jpg | http://katyzan.ticthemes.com/wp-content/uploads/2018/02/Product-5.jpg | http://katyzan.ticthemes.com/wp-content/uploads/2018/02/pro-45.jpg | http://katyzan.ticthemes.com/wp-content/uploads/2018/02/Product-39.jpg","","variable","","Cell Phones &amp; Accessories|Headphones|Home Audio &amp; Theater|New Arrivals|Top 100 Best Seller","Hot Products|Sony","","Black|Blue|Gold|Orange|Red","0|1|1","","","",""
"Night Vision & Audio Swann Smart Security Camera","night-vision-audio-swann-smart-security-camera","211","Duis sollicitudin turpis in turpis porta, sit amet facilisis nulla vehicula.

Sed at vestibulum magna. Etiam nisi tellus, semper nec accumsan eu, pellentesque nec lorem.

Aliquam lacinia interdum lectus, at mattis enim vehicula ut.","Aliquam cursus orci justo, at volutpat ex fringilla quis. Cras volutpat urna est, eu interdum nibh finibus ac. Suspendisse porttitor ex risus, at vulputate augue aliquet in. Cras pulvinar et nisi id pulvinar. Proin luctus bibendum tellus eget laoreet. Aliquam a odio eu quam posuere egestas. Donec efficitur, felis id pretium vulputate, enim leo congue turpis, et sollicitudin est diam eget mi. Ut eu mauris nec diam fringilla dictum.

Donec quam nunc, tempus iaculis consectetur at, fermentum non erat. Morbi vel suscipit ligula. Nulla sit amet tempor nisi. Quisque lacinia rhoncus turpis, dapibus congue arcu elementum eu. Nam maximus diam sed sapien pharetra tristique. Duis sollicitudin turpis in turpis porta, sit amet facilisis nulla vehicula. Sed at vestibulum magna. Etiam nisi tellus, semper nec accumsan eu, pellentesque nec lorem. Aliquam lacinia interdum lectus, at mattis enim vehicula ut. In molestie lobortis ex non porttitor. Vestibulum sed luctus diam. Morbi imperdiet sit amet tortor eu tincidunt. Nulla augue lectus, gravida a nulla a, dapibus viverra lectus. Nam finibus urna eget eros convallis, non hendrerit massa semper.

In aliquet urna non posuere ultrices. Aliquam non egestas eros. Nullam et luctus nisi. Proin sit amet semper felis. Sed eu metus magna. Aenean eros elit, luctus vel posuere ac, tempus egestas purus. Lorem ipsum dolor sit amet, consectetur adipiscing elit. Pellentesque bibendum massa eu neque eleifend ultricies. Aenean in vehicula ipsum.","publish","0","2018-02-26 09:10:26","1","open","115L780","no","no","","185.00","130.00","","","","","","","outofstock","no","no","taxable","","","","","","-1","-1","","","http://katyzan.ticthemes.com/wp-content/uploads/2018/02/Product-13.jpg | http://katyzan.ticthemes.com/wp-content/uploads/2018/02/Product-15.jpg","","simple","outofstock","Cell Phones &amp; Accessories|Home Audio &amp; Theater|Top 100 Best Seller","Hot Products|Sony","","","","","","",""
"Universal Wi-Fi Range Extender","universal-wi-fi-range-extender","212","Duis sollicitudin turpis in turpis porta, sit amet facilisis nulla vehicula.

Sed at vestibulum magna. Etiam nisi tellus, semper nec accumsan eu, pellentesque nec lorem.

Aliquam lacinia interdum lectus, at mattis enim vehicula ut.","Aliquam cursus orci justo, at volutpat ex fringilla quis. Cras volutpat urna est, eu interdum nibh finibus ac. Suspendisse porttitor ex risus, at vulputate augue aliquet in. Cras pulvinar et nisi id pulvinar. Proin luctus bibendum tellus eget laoreet. Aliquam a odio eu quam posuere egestas. Donec efficitur, felis id pretium vulputate, enim leo congue turpis, et sollicitudin est diam eget mi. Ut eu mauris nec diam fringilla dictum.

Donec quam nunc, tempus iaculis consectetur at, fermentum non erat. Morbi vel suscipit ligula. Nulla sit amet tempor nisi. Quisque lacinia rhoncus turpis, dapibus congue arcu elementum eu. Nam maximus diam sed sapien pharetra tristique. Duis sollicitudin turpis in turpis porta, sit amet facilisis nulla vehicula. Sed at vestibulum magna. Etiam nisi tellus, semper nec accumsan eu, pellentesque nec lorem. Aliquam lacinia interdum lectus, at mattis enim vehicula ut. In molestie lobortis ex non porttitor. Vestibulum sed luctus diam. Morbi imperdiet sit amet tortor eu tincidunt. Nulla augue lectus, gravida a nulla a, dapibus viverra lectus. Nam finibus urna eget eros convallis, non hendrerit massa semper.

In aliquet urna non posuere ultrices. Aliquam non egestas eros. Nullam et luctus nisi. Proin sit amet semper felis. Sed eu metus magna. Aenean eros elit, luctus vel posuere ac, tempus egestas purus. Lorem ipsum dolor sit amet, consectetur adipiscing elit. Pellentesque bibendum massa eu neque eleifend ultricies. Aenean in vehicula ipsum.","publish","0","2018-02-26 09:14:06","1","open","115A787","no","no","","25.00","19.99","","","","","","","instock","no","no","taxable","","","","","","-1","-1","","","http://katyzan.ticthemes.com/wp-content/uploads/2018/02/Product-14.jpg","","simple","","Cell Phones &amp; Accessories|Home Audio &amp; Theater|Top 100 Best Seller","Hot Products","","","","","","",""
"Wireless Bluetooth Headset","wireless-bluetooth-headset","213","Duis sollicitudin turpis in turpis porta, sit amet facilisis nulla vehicula.

Sed at vestibulum magna. Etiam nisi tellus, semper nec accumsan eu, pellentesque nec lorem.

Aliquam lacinia interdum lectus, at mattis enim vehicula ut.","Aliquam cursus orci justo, at volutpat ex fringilla quis. Cras volutpat urna est, eu interdum nibh finibus ac. Suspendisse porttitor ex risus, at vulputate augue aliquet in. Cras pulvinar et nisi id pulvinar. Proin luctus bibendum tellus eget laoreet. Aliquam a odio eu quam posuere egestas. Donec efficitur, felis id pretium vulputate, enim leo congue turpis, et sollicitudin est diam eget mi. Ut eu mauris nec diam fringilla dictum.

Donec quam nunc, tempus iaculis consectetur at, fermentum non erat. Morbi vel suscipit ligula. Nulla sit amet tempor nisi. Quisque lacinia rhoncus turpis, dapibus congue arcu elementum eu. Nam maximus diam sed sapien pharetra tristique. Duis sollicitudin turpis in turpis porta, sit amet facilisis nulla vehicula. Sed at vestibulum magna. Etiam nisi tellus, semper nec accumsan eu, pellentesque nec lorem. Aliquam lacinia interdum lectus, at mattis enim vehicula ut. In molestie lobortis ex non porttitor. Vestibulum sed luctus diam. Morbi imperdiet sit amet tortor eu tincidunt. Nulla augue lectus, gravida a nulla a, dapibus viverra lectus. Nam finibus urna eget eros convallis, non hendrerit massa semper.

In aliquet urna non posuere ultrices. Aliquam non egestas eros. Nullam et luctus nisi. Proin sit amet semper felis. Sed eu metus magna. Aenean eros elit, luctus vel posuere ac, tempus egestas purus. Lorem ipsum dolor sit amet, consectetur adipiscing elit. Pellentesque bibendum massa eu neque eleifend ultricies. Aenean in vehicula ipsum.","publish","0","2018-02-26 09:16:41","1","open","11H7900","no","no","","25.00","","","","","","","","instock","no","no","taxable","","","","","","-1","-1","","","http://katyzan.ticthemes.com/wp-content/uploads/2018/02/Product-16.jpg | http://katyzan.ticthemes.com/wp-content/uploads/2018/02/Product-34.jpg | http://katyzan.ticthemes.com/wp-content/uploads/2018/02/Product-32.jpg | http://katyzan.ticthemes.com/wp-content/uploads/2018/02/Product-37.jpg","","simple","","Cell Phones &amp; Accessories|Headphones|Home Audio &amp; Theater","Hot Products|Sony","","","","","","",""
"Logitech MX ERGO Wireless Trackball","logitech-mx-ergo-wireless-trackball","214","Duis sollicitudin turpis in turpis porta, sit amet facilisis nulla vehicula.

Sed at vestibulum magna. Etiam nisi tellus, semper nec accumsan eu, pellentesque nec lorem.

Aliquam lacinia interdum lectus, at mattis enim vehicula ut.","Aliquam cursus orci justo, at volutpat ex fringilla quis. Cras volutpat urna est, eu interdum nibh finibus ac. Suspendisse porttitor ex risus, at vulputate augue aliquet in. Cras pulvinar et nisi id pulvinar. Proin luctus bibendum tellus eget laoreet. Aliquam a odio eu quam posuere egestas. Donec efficitur, felis id pretium vulputate, enim leo congue turpis, et sollicitudin est diam eget mi. Ut eu mauris nec diam fringilla dictum.

Donec quam nunc, tempus iaculis consectetur at, fermentum non erat. Morbi vel suscipit ligula. Nulla sit amet tempor nisi. Quisque lacinia rhoncus turpis, dapibus congue arcu elementum eu. Nam maximus diam sed sapien pharetra tristique. Duis sollicitudin turpis in turpis porta, sit amet facilisis nulla vehicula. Sed at vestibulum magna. Etiam nisi tellus, semper nec accumsan eu, pellentesque nec lorem. Aliquam lacinia interdum lectus, at mattis enim vehicula ut. In molestie lobortis ex non porttitor. Vestibulum sed luctus diam. Morbi imperdiet sit amet tortor eu tincidunt. Nulla augue lectus, gravida a nulla a, dapibus viverra lectus. Nam finibus urna eget eros convallis, non hendrerit massa semper.

In aliquet urna non posuere ultrices. Aliquam non egestas eros. Nullam et luctus nisi. Proin sit amet semper felis. Sed eu metus magna. Aenean eros elit, luctus vel posuere ac, tempus egestas purus. Lorem ipsum dolor sit amet, consectetur adipiscing elit. Pellentesque bibendum massa eu neque eleifend ultricies. Aenean in vehicula ipsum.","publish","0","2018-02-26 09:21:17","1","open","115L789","no","no","10","185.00","140.00","","","","","","","instock","no","yes","taxable","","","","","","-1","-1","","","http://katyzan.ticthemes.com/wp-content/uploads/2018/02/Product-15.jpg | http://katyzan.ticthemes.com/wp-content/uploads/2018/02/Product-13.jpg","","simple","","Cell Phones &amp; Accessories|Home Audio &amp; Theater|Top 100 Best Seller","Hot Products","","Black|Gold|White","0|1|0","","","",""
"Ring Video Doorbell 2","ring-video-doorbell-2","215","Duis sollicitudin turpis in turpis porta, sit amet facilisis nulla vehicula.

Sed at vestibulum magna. Etiam nisi tellus, semper nec accumsan eu, pellentesque nec lorem.

Aliquam lacinia interdum lectus, at mattis enim vehicula ut.","Aliquam cursus orci justo, at volutpat ex fringilla quis. Cras volutpat urna est, eu interdum nibh finibus ac. Suspendisse porttitor ex risus, at vulputate augue aliquet in. Cras pulvinar et nisi id pulvinar. Proin luctus bibendum tellus eget laoreet. Aliquam a odio eu quam posuere egestas. Donec efficitur, felis id pretium vulputate, enim leo congue turpis, et sollicitudin est diam eget mi. Ut eu mauris nec diam fringilla dictum.

Donec quam nunc, tempus iaculis consectetur at, fermentum non erat. Morbi vel suscipit ligula. Nulla sit amet tempor nisi. Quisque lacinia rhoncus turpis, dapibus congue arcu elementum eu. Nam maximus diam sed sapien pharetra tristique. Duis sollicitudin turpis in turpis porta, sit amet facilisis nulla vehicula. Sed at vestibulum magna. Etiam nisi tellus, semper nec accumsan eu, pellentesque nec lorem. Aliquam lacinia interdum lectus, at mattis enim vehicula ut. In molestie lobortis ex non porttitor. Vestibulum sed luctus diam. Morbi imperdiet sit amet tortor eu tincidunt. Nulla augue lectus, gravida a nulla a, dapibus viverra lectus. Nam finibus urna eget eros convallis, non hendrerit massa semper.

In aliquet urna non posuere ultrices. Aliquam non egestas eros. Nullam et luctus nisi. Proin sit amet semper felis. Sed eu metus magna. Aenean eros elit, luctus vel posuere ac, tempus egestas purus. Lorem ipsum dolor sit amet, consectetur adipiscing elit. Pellentesque bibendum massa eu neque eleifend ultricies. Aenean in vehicula ipsum.","publish","0","2018-02-26 09:21:20","1","open","11L9780","no","no","","165.00","","","","","","","","outofstock","no","no","taxable","","","","","","-1","-1","","","http://katyzan.ticthemes.com/wp-content/uploads/2018/02/Product-24.jpg","","simple","outofstock","Camera, Photo &amp; Video|Home Audio &amp; Theater|Top 100 Best Seller|TV &amp; Video","Hot Products","","","","","","",""
"Camera Drone with Spy Camera 720P","camera-drone-with-spy-camera-720p","216","Duis sollicitudin turpis in turpis porta, sit amet facilisis nulla vehicula.

Sed at vestibulum magna. Etiam nisi tellus, semper nec accumsan eu, pellentesque nec lorem.

Aliquam lacinia interdum lectus, at mattis enim vehicula ut.","Cras volutpat urna est, eu interdum nibh finibus ac. Suspendisse porttitor ex risus, at vulputate augue aliquet in. Cras pulvinar et nisi id pulvinar. Proin luctus bibendum tellus eget laoreet. Aliquam a odio eu quam posuere egestas. Donec efficitur, felis id pretium vulputate, enim leo congue turpis, et sollicitudin est diam eget mi. Ut eu mauris nec diam fringilla dictum.

Donec quam nunc, tempus iaculis consectetur at, fermentum non erat. Morbi vel suscipit ligula. Nulla sit amet tempor nisi. Quisque lacinia rhoncus turpis, dapibus congue arcu elementum eu. Nam maximus diam sed sapien pharetra tristique. Duis sollicitudin turpis in turpis porta, sit amet facilisis nulla vehicula. Sed at vestibulum magna. Etiam nisi tellus, semper nec accumsan eu, pellentesque nec lorem. Aliquam lacinia interdum lectus, at mattis enim vehicula ut. In molestie lobortis ex non porttitor. Vestibulum sed luctus diam. Morbi imperdiet sit amet tortor eu tincidunt. Nulla augue lectus, gravida a nulla a, dapibus viverra lectus. Nam finibus urna eget eros convallis, non hendrerit massa semper.

In aliquet urna non posuere ultrices. Aliquam non egestas eros. Nullam et luctus nisi. Proin sit amet semper felis. Sed eu metus magna. Aenean eros elit, luctus vel posuere ac, tempus egestas purus. Lorem ipsum dolor sit amet, consectetur adipiscing elit. Pellentesque bibendum massa eu neque eleifend ultricies. Aenean in vehicula ipsum.","publish","0","2018-02-26 09:27:13","1","open","11L1784","no","no","","89.99","","","","","","","","instock","no","no","taxable","","","","","","-1","-1","","","http://katyzan.ticthemes.com/wp-content/uploads/2018/02/Product-17.jpg | http://katyzan.ticthemes.com/wp-content/uploads/2018/02/Product-31.jpg","","simple","","Camera, Photo &amp; Video|Electronics Showcase|New Arrivals|Top 100 Best Seller|TV &amp; Video","Hot Products|LG","","","","","","",""
"Fly Camera Drone with Spy Camera","fly-camera-drone-with-spy-camera","217","Duis sollicitudin turpis in turpis porta, sit amet facilisis nulla vehicula.

Sed at vestibulum magna. Etiam nisi tellus, semper nec accumsan eu, pellentesque nec lorem.

Aliquam lacinia interdum lectus, at mattis enim vehicula ut.","Cras volutpat urna est, eu interdum nibh finibus ac. Suspendisse porttitor ex risus, at vulputate augue aliquet in. Cras pulvinar et nisi id pulvinar. Proin luctus bibendum tellus eget laoreet. Aliquam a odio eu quam posuere egestas. Donec efficitur, felis id pretium vulputate, enim leo congue turpis, et sollicitudin est diam eget mi. Ut eu mauris nec diam fringilla dictum.

Donec quam nunc, tempus iaculis consectetur at, fermentum non erat. Morbi vel suscipit ligula. Nulla sit amet tempor nisi. Quisque lacinia rhoncus turpis, dapibus congue arcu elementum eu. Nam maximus diam sed sapien pharetra tristique. Duis sollicitudin turpis in turpis porta, sit amet facilisis nulla vehicula. Sed at vestibulum magna. Etiam nisi tellus, semper nec accumsan eu, pellentesque nec lorem. Aliquam lacinia interdum lectus, at mattis enim vehicula ut. In molestie lobortis ex non porttitor. Vestibulum sed luctus diam. Morbi imperdiet sit amet tortor eu tincidunt. Nulla augue lectus, gravida a nulla a, dapibus viverra lectus. Nam finibus urna eget eros convallis, non hendrerit massa semper.

In aliquet urna non posuere ultrices. Aliquam non egestas eros. Nullam et luctus nisi. Proin sit amet semper felis. Sed eu metus magna. Aenean eros elit, luctus vel posuere ac, tempus egestas purus. Lorem ipsum dolor sit amet, consectetur adipiscing elit. Pellentesque bibendum massa eu neque eleifend ultricies. Aenean in vehicula ipsum.","publish","0","2018-02-26 09:32:26","1","open","10L1784","no","no","","199.99","75.00","","","","","","","instock","no","no","taxable","","","","","","-1","-1","","","http://katyzan.ticthemes.com/wp-content/uploads/2018/02/Product-31.jpg | http://katyzan.ticthemes.com/wp-content/uploads/2018/02/Product-17.jpg","","simple","","Camera, Photo &amp; Video|Electronics Showcase|New Arrivals|Top 100 Best Seller|TV &amp; Video","Hot Products|LG","","","","","","",""
"Beats Solo Wireless On-Ear Headphones Red","beats-solo-wireless-on-ear-headphones-red","218","In aliquet urna non posuere ultrices. Aliquam non egestas eros.

Nullam et luctus nisi. Proin sit amet semper felis. Sed eu metus magna. Aenean eros elit egestas purus.

Lorem ipsum dolor sit amet, consectetur adipiscing elit. Aenean in vehicula ipsum.","Aliquam cursus orci justo, at volutpat ex fringilla quis. Cras volutpat urna est, eu interdum nibh finibus ac. Suspendisse porttitor ex risus, at vulputate augue aliquet in. Cras pulvinar et nisi id pulvinar. Proin luctus bibendum tellus eget laoreet. Aliquam a odio eu quam posuere egestas. Donec efficitur, felis id pretium vulputate, enim leo congue turpis, et sollicitudin est diam eget mi. Ut eu mauris nec diam fringilla dictum.

Donec quam nunc, tempus iaculis consectetur at, fermentum non erat. Morbi vel suscipit ligula. Nulla sit amet tempor nisi. Quisque lacinia rhoncus turpis, dapibus congue arcu elementum eu. Nam maximus diam sed sapien pharetra tristique. Duis sollicitudin turpis in turpis porta, sit amet facilisis nulla vehicula. Sed at vestibulum magna. Etiam nisi tellus, semper nec accumsan eu, pellentesque nec lorem. Aliquam lacinia interdum lectus, at mattis enim vehicula ut. In molestie lobortis ex non porttitor. Vestibulum sed luctus diam. Morbi imperdiet sit amet tortor eu tincidunt. Nulla augue lectus, gravida a nulla a, dapibus viverra lectus. Nam finibus urna eget eros convallis, non hendrerit massa semper.

In aliquet urna non posuere ultrices. Aliquam non egestas eros. Nullam et luctus nisi. Proin sit amet semper felis. Sed eu metus magna. Aenean eros elit, luctus vel posuere ac, tempus egestas purus. Lorem ipsum dolor sit amet, consectetur adipiscing elit. Pellentesque bibendum massa eu neque eleifend ultricies. Aenean in vehicula ipsum.","publish","0","2018-02-26 09:32:32","1","open","115M780","no","no","","98.00","","","","","","","","instock","no","no","taxable","","","","","","-1","-1","","","http://katyzan.ticthemes.com/wp-content/uploads/2018/02/pro-46.jpg | http://katyzan.ticthemes.com/wp-content/uploads/2018/02/pro-45.jpg | http://katyzan.ticthemes.com/wp-content/uploads/2018/02/pro-44.jpg | http://katyzan.ticthemes.com/wp-content/uploads/2018/02/Product-5.jpg | http://katyzan.ticthemes.com/wp-content/uploads/2018/02/Product-39.jpg | http://katyzan.ticthemes.com/wp-content/uploads/2018/02/Product-12.jpg","","simple","","Cell Phones &amp; Accessories|Headphones|Home Audio &amp; Theater|New Arrivals|Top 100 Best Seller","Hot Products|Sony","","Black|Blue|Gold|Orange|Pink","0|1|1","","","",""
"Waterproof Portable Bluetooth Speaker (Red)","waterproof-portable-bluetooth-speaker-red","224","Duis sollicitudin turpis in turpis porta, sit amet facilisis nulla vehicula.

Sed at vestibulum magna. Etiam nisi tellus, semper nec accumsan eu, pellentesque nec lorem.

Aliquam lacinia interdum lectus, at mattis enim vehicula ut.","Aliquam cursus orci justo, at volutpat ex fringilla quis. Cras volutpat urna est, eu interdum nibh finibus ac. Suspendisse porttitor ex risus, at vulputate augue aliquet in. Cras pulvinar et nisi id pulvinar. Proin luctus bibendum tellus eget laoreet. Aliquam a odio eu quam posuere egestas. Donec efficitur, felis id pretium vulputate, enim leo congue turpis, et sollicitudin est diam eget mi. Ut eu mauris nec diam fringilla dictum.

Donec quam nunc, tempus iaculis consectetur at, fermentum non erat. Morbi vel suscipit ligula. Nulla sit amet tempor nisi. Quisque lacinia rhoncus turpis, dapibus congue arcu elementum eu. Nam maximus diam sed sapien pharetra tristique. Duis sollicitudin turpis in turpis porta, sit amet facilisis nulla vehicula. Sed at vestibulum magna. Etiam nisi tellus, semper nec accumsan eu, pellentesque nec lorem. Aliquam lacinia interdum lectus, at mattis enim vehicula ut. In molestie lobortis ex non porttitor. Vestibulum sed luctus diam. Morbi imperdiet sit amet tortor eu tincidunt. Nulla augue lectus, gravida a nulla a, dapibus viverra lectus. Nam finibus urna eget eros convallis, non hendrerit massa semper.

In aliquet urna non posuere ultrices. Aliquam non egestas eros. Nullam et luctus nisi. Proin sit amet semper felis. Sed eu metus magna. Aenean eros elit, luctus vel posuere ac, tempus egestas purus. Lorem ipsum dolor sit amet, consectetur adipiscing elit. Pellentesque bibendum massa eu neque eleifend ultricies. Aenean in vehicula ipsum.","publish","0","2018-02-26 09:36:10","1","open","115G787-1","no","no","","65.00","","","","","","","","instock","no","no","taxable","","","","","","-1","-1","","","http://katyzan.ticthemes.com/wp-content/uploads/2018/02/Product-18.jpg | http://katyzan.ticthemes.com/wp-content/uploads/2018/02/Product-1.jpg","","simple","","Cell Phones &amp; Accessories|Electronics Showcase|Home Audio &amp; Theater","Harman Kardon|Hot Products","","","","","","",""
"SamSung Galaxy S7 Edge","samsung-galaxy-s7-edge","225","Duis sollicitudin turpis in turpis porta, sit amet facilisis nulla vehicula. Sed at vestibulum magna.

Etiam nisi tellus, semper nec accumsan eu, pellentesque nec lorem.

Aliquam lacinia interdum lectus, at mattis enim vehicula ut. In molestie lobortis ex non porttitor.","Aliquam cursus orci justo, at volutpat ex fringilla quis. Cras volutpat urna est, eu interdum nibh finibus ac. Suspendisse porttitor ex risus, at vulputate augue aliquet in. Cras pulvinar et nisi id pulvinar. Proin luctus bibendum tellus eget laoreet. Aliquam a odio eu quam posuere egestas. Donec efficitur, felis id pretium vulputate, enim leo congue turpis, et sollicitudin est diam eget mi. Ut eu mauris nec diam fringilla dictum.

Donec quam nunc, tempus iaculis consectetur at, fermentum non erat. Morbi vel suscipit ligula. Nulla sit amet tempor nisi. Quisque lacinia rhoncus turpis, dapibus congue arcu elementum eu. Nam maximus diam sed sapien pharetra tristique. Duis sollicitudin turpis in turpis porta, sit amet facilisis nulla vehicula. Sed at vestibulum magna. Etiam nisi tellus, semper nec accumsan eu, pellentesque nec lorem. Aliquam lacinia interdum lectus, at mattis enim vehicula ut. In molestie lobortis ex non porttitor. Vestibulum sed luctus diam. Morbi imperdiet sit amet tortor eu tincidunt. Nulla augue lectus, gravida a nulla a, dapibus viverra lectus. Nam finibus urna eget eros convallis, non hendrerit massa semper.

In aliquet urna non posuere ultrices. Aliquam non egestas eros. Nullam et luctus nisi. Proin sit amet semper felis. Sed eu metus magna. Aenean eros elit, luctus vel posuere ac, tempus egestas purus. Lorem ipsum dolor sit amet, consectetur adipiscing elit. Pellentesque bibendum massa eu neque eleifend ultricies. Aenean in vehicula ipsum.","publish","0","2018-02-26 09:36:12","1","open","112W780","no","no","","979.00","","","","","","","","instock","no","no","taxable","","","","","","-1","-1","http://katyzan.ticthemes.com/product/apple-iphone-x-256-gb-t-mobile/","Buy Now","http://katyzan.ticthemes.com/wp-content/uploads/2018/02/Product-19.jpg | http://katyzan.ticthemes.com/wp-content/uploads/2018/02/Product-36.jpg | http://katyzan.ticthemes.com/wp-content/uploads/2018/02/Product-8.jpg | http://katyzan.ticthemes.com/wp-content/uploads/2018/02/Product-10.jpg | http://katyzan.ticthemes.com/wp-content/uploads/2018/02/pro-43.jpg","","external","","Camera, Photo &amp; Video|Cell Phones &amp; Accessories|New Arrivals|Top 100 Best Seller","Hot Products|New Products|SamSung","","","","","","",""
"Apple Macbook Air Pro","apple-macbook-air-pro","226","In aliquet urna non posuere ultrices. Aliquam non egestas eros.

Nullam et luctus nisi. Proin sit amet semper felis. Sed eu metus magna. Aenean eros elit egestas purus.

Lorem ipsum dolor sit amet, consectetur adipiscing elit. Aenean in vehicula ipsum.","Aliquam cursus orci justo, at volutpat ex fringilla quis. Cras volutpat urna est, eu interdum nibh finibus ac. Suspendisse porttitor ex risus, at vulputate augue aliquet in. Cras pulvinar et nisi id pulvinar. Proin luctus bibendum tellus eget laoreet. Aliquam a odio eu quam posuere egestas. Donec efficitur, felis id pretium vulputate, enim leo congue turpis, et sollicitudin est diam eget mi. Ut eu mauris nec diam fringilla dictum.

Donec quam nunc, tempus iaculis consectetur at, fermentum non erat. Morbi vel suscipit ligula. Nulla sit amet tempor nisi. Quisque lacinia rhoncus turpis, dapibus congue arcu elementum eu. Nam maximus diam sed sapien pharetra tristique. Duis sollicitudin turpis in turpis porta, sit amet facilisis nulla vehicula. Sed at vestibulum magna. Etiam nisi tellus, semper nec accumsan eu, pellentesque nec lorem. Aliquam lacinia interdum lectus, at mattis enim vehicula ut. In molestie lobortis ex non porttitor. Vestibulum sed luctus diam. Morbi imperdiet sit amet tortor eu tincidunt. Nulla augue lectus, gravida a nulla a, dapibus viverra lectus. Nam finibus urna eget eros convallis, non hendrerit massa semper.

In aliquet urna non posuere ultrices. Aliquam non egestas eros. Nullam et luctus nisi. Proin sit amet semper felis. Sed eu metus magna. Aenean eros elit, luctus vel posuere ac, tempus egestas purus. Lorem ipsum dolor sit amet, consectetur adipiscing elit. Pellentesque bibendum massa eu neque eleifend ultricies. Aenean in vehicula ipsum.","publish","0","2018-02-26 09:44:03","1","open","11OM780","no","no","","1228.00","","","","","","","","instock","no","no","taxable","","","","","","-1","-1","","","http://katyzan.ticthemes.com/wp-content/uploads/2018/02/Product-20.jpg | http://katyzan.ticthemes.com/wp-content/uploads/2018/02/Product-30.jpg","","simple","","Camera, Photo &amp; Video|Car Electronics|Electronics Showcase|New Arrivals|Printers &amp; Ink|TV &amp; Video","Apple|Hot Products","","Black|Gold|Pink","0|1|1","","","",""
"Sony VPL-BW7 Digital Projector","sony-vpl-bw7-digital-projector","227","Duis sollicitudin turpis in turpis porta, sit amet facilisis nulla vehicula.

Sed at vestibulum magna. Etiam nisi tellus, semper nec accumsan eu, pellentesque nec lorem.

Aliquam lacinia interdum lectus, at mattis enim vehicula ut.","Aliquam cursus orci justo, at volutpat ex fringilla quis. Cras volutpat urna est, eu interdum nibh finibus ac. Suspendisse porttitor ex risus, at vulputate augue aliquet in. Cras pulvinar et nisi id pulvinar. Proin luctus bibendum tellus eget laoreet. Aliquam a odio eu quam posuere egestas. Donec efficitur, felis id pretium vulputate, enim leo congue turpis, et sollicitudin est diam eget mi. Ut eu mauris nec diam fringilla dictum.

Donec quam nunc, tempus iaculis consectetur at, fermentum non erat. Morbi vel suscipit ligula. Nulla sit amet tempor nisi. Quisque lacinia rhoncus turpis, dapibus congue arcu elementum eu. Nam maximus diam sed sapien pharetra tristique. Duis sollicitudin turpis in turpis porta, sit amet facilisis nulla vehicula. Sed at vestibulum magna. Etiam nisi tellus, semper nec accumsan eu, pellentesque nec lorem. Aliquam lacinia interdum lectus, at mattis enim vehicula ut. In molestie lobortis ex non porttitor. Vestibulum sed luctus diam. Morbi imperdiet sit amet tortor eu tincidunt. Nulla augue lectus, gravida a nulla a, dapibus viverra lectus. Nam finibus urna eget eros convallis, non hendrerit massa semper.

In aliquet urna non posuere ultrices. Aliquam non egestas eros. Nullam et luctus nisi. Proin sit amet semper felis. Sed eu metus magna. Aenean eros elit, luctus vel posuere ac, tempus egestas purus. Lorem ipsum dolor sit amet, consectetur adipiscing elit. Pellentesque bibendum massa eu neque eleifend ultricies. Aenean in vehicula ipsum.","publish","0","2018-02-26 09:44:09","1","open","367G900","no","no","","295.00","","","","","","","","instock","no","no","taxable","","","","","","-1","-1","","","http://katyzan.ticthemes.com/wp-content/uploads/2018/02/Product-21.jpg","","simple","","Camera, Photo &amp; Video|Electronics Showcase|New Arrivals|Top 100 Best Seller|TV &amp; Video","Hot Products|Sony","","","","","","",""
"Sony PlayStation 4 DualShock 4 Controller V2 White","sony-playstation-4-dualshock-4-controller-v2-white","228","Duis sollicitudin turpis in turpis porta, sit amet facilisis nulla vehicula.

Sed at vestibulum magna. Etiam nisi tellus, semper nec accumsan eu, pellentesque nec lorem.

Aliquam lacinia interdum lectus, at mattis enim vehicula ut.","Aliquam cursus orci justo, at volutpat ex fringilla quis. Cras volutpat urna est, eu interdum nibh finibus ac. Suspendisse porttitor ex risus, at vulputate augue aliquet in. Cras pulvinar et nisi id pulvinar. Proin luctus bibendum tellus eget laoreet. Aliquam a odio eu quam posuere egestas. Donec efficitur, felis id pretium vulputate, enim leo congue turpis, et sollicitudin est diam eget mi. Ut eu mauris nec diam fringilla dictum.

Donec quam nunc, tempus iaculis consectetur at, fermentum non erat. Morbi vel suscipit ligula. Nulla sit amet tempor nisi. Quisque lacinia rhoncus turpis, dapibus congue arcu elementum eu. Nam maximus diam sed sapien pharetra tristique. Duis sollicitudin turpis in turpis porta, sit amet facilisis nulla vehicula. Sed at vestibulum magna. Etiam nisi tellus, semper nec accumsan eu, pellentesque nec lorem. Aliquam lacinia interdum lectus, at mattis enim vehicula ut. In molestie lobortis ex non porttitor. Vestibulum sed luctus diam. Morbi imperdiet sit amet tortor eu tincidunt. Nulla augue lectus, gravida a nulla a, dapibus viverra lectus. Nam finibus urna eget eros convallis, non hendrerit massa semper.

In aliquet urna non posuere ultrices. Aliquam non egestas eros. Nullam et luctus nisi. Proin sit amet semper felis. Sed eu metus magna. Aenean eros elit, luctus vel posuere ac, tempus egestas purus. Lorem ipsum dolor sit amet, consectetur adipiscing elit. Pellentesque bibendum massa eu neque eleifend ultricies. Aenean in vehicula ipsum.","publish","0","2018-02-26 09:44:14","1","open","111Y780","no","no","","65.99","35.00","","","","","","","outofstock","no","yes","taxable","","","","","","-1","-1","","","http://katyzan.ticthemes.com/wp-content/uploads/2018/02/Product-22.jpg","","simple","outofstock","Electronics Showcase|Home Audio &amp; Theater|New Arrivals","Hot Products|Sony","","","","","","",""
"Canon Cameras X-AIO 16MP","canon-cameras-x-aio-16mp","229","Duis sollicitudin turpis in turpis porta, sit amet facilisis nulla vehicula.

Sed at vestibulum magna. Etiam nisi tellus, semper nec accumsan eu, pellentesque nec lorem.

Aliquam lacinia interdum lectus, at mattis enim vehicula ut.","Aliquam cursus orci justo, at volutpat ex fringilla quis. Cras volutpat urna est, eu interdum nibh finibus ac. Suspendisse porttitor ex risus, at vulputate augue aliquet in. Cras pulvinar et nisi id pulvinar. Proin luctus bibendum tellus eget laoreet. Aliquam a odio eu quam posuere egestas. Donec efficitur, felis id pretium vulputate, enim leo congue turpis, et sollicitudin est diam eget mi. Ut eu mauris nec diam fringilla dictum.

Donec quam nunc, tempus iaculis consectetur at, fermentum non erat. Morbi vel suscipit ligula. Nulla sit amet tempor nisi. Quisque lacinia rhoncus turpis, dapibus congue arcu elementum eu. Nam maximus diam sed sapien pharetra tristique. Duis sollicitudin turpis in turpis porta, sit amet facilisis nulla vehicula. Sed at vestibulum magna. Etiam nisi tellus, semper nec accumsan eu, pellentesque nec lorem. Aliquam lacinia interdum lectus, at mattis enim vehicula ut. In molestie lobortis ex non porttitor. Vestibulum sed luctus diam. Morbi imperdiet sit amet tortor eu tincidunt. Nulla augue lectus, gravida a nulla a, dapibus viverra lectus. Nam finibus urna eget eros convallis, non hendrerit massa semper.

In aliquet urna non posuere ultrices. Aliquam non egestas eros. Nullam et luctus nisi. Proin sit amet semper felis. Sed eu metus magna. Aenean eros elit, luctus vel posuere ac, tempus egestas purus. Lorem ipsum dolor sit amet, consectetur adipiscing elit. Pellentesque bibendum massa eu neque eleifend ultricies. Aenean in vehicula ipsum.","publish","0","2018-02-26 09:55:20","1","open","360R900","no","no","","165.00","","","","","","","","instock","no","no","taxable","","","","","","-1","-1","","","http://katyzan.ticthemes.com/wp-content/uploads/2018/02/Product-23.jpg","","simple","","Camera, Photo &amp; Video|New Arrivals|Top 100 Best Seller","Hot Products","","","","","","",""
"External Enclosure For HDD / SSD","external-enclosure-for-hdd-ssd","230","Duis sollicitudin turpis in turpis porta, sit amet facilisis nulla vehicula. Sed at vestibulum magna.

Etiam nisi tellus, semper nec accumsan eu, pellentesque nec lorem.

Aliquam lacinia interdum lectus, at mattis enim vehicula ut. In molestie lobortis ex non porttitor.","Aliquam cursus orci justo, at volutpat ex fringilla quis. Cras volutpat urna est, eu interdum nibh finibus ac. Suspendisse porttitor ex risus, at vulputate augue aliquet in. Cras pulvinar et nisi id pulvinar. Proin luctus bibendum tellus eget laoreet. Aliquam a odio eu quam posuere egestas. Donec efficitur, felis id pretium vulputate, enim leo congue turpis, et sollicitudin est diam eget mi. Ut eu mauris nec diam fringilla dictum.

Donec quam nunc, tempus iaculis consectetur at, fermentum non erat. Morbi vel suscipit ligula. Nulla sit amet tempor nisi. Quisque lacinia rhoncus turpis, dapibus congue arcu elementum eu. Nam maximus diam sed sapien pharetra tristique. Duis sollicitudin turpis in turpis porta, sit amet facilisis nulla vehicula. Sed at vestibulum magna. Etiam nisi tellus, semper nec accumsan eu, pellentesque nec lorem. Aliquam lacinia interdum lectus, at mattis enim vehicula ut. In molestie lobortis ex non porttitor. Vestibulum sed luctus diam. Morbi imperdiet sit amet tortor eu tincidunt. Nulla augue lectus, gravida a nulla a, dapibus viverra lectus. Nam finibus urna eget eros convallis, non hendrerit massa semper.

In aliquet urna non posuere ultrices. Aliquam non egestas eros. Nullam et luctus nisi. Proin sit amet semper felis. Sed eu metus magna. Aenean eros elit, luctus vel posuere ac, tempus egestas purus. Lorem ipsum dolor sit amet, consectetur adipiscing elit. Pellentesque bibendum massa eu neque eleifend ultricies. Aenean in vehicula ipsum.","publish","0","2018-02-26 09:55:23","1","open","112D781","no","no","","15.5","","","","","","","","instock","no","no","taxable","","","","","","-1","-1","http://katyzan.ticthemes.com/product/apple-iphone-x-256-gb-t-mobile/","Buy Now","http://katyzan.ticthemes.com/wp-content/uploads/2018/02/Product-27.jpg","","simple","","Camera, Photo &amp; Video|Top 100 Best Seller|TV &amp; Video","Hot Products|New Products|SamSung","","","","","","",""
"Apple Watch Series 3","apple-watch-series-3","231","Duis sollicitudin turpis in turpis porta, sit amet facilisis nulla vehicula.

Sed at vestibulum magna. Etiam nisi tellus, semper nec accumsan eu, pellentesque nec lorem.

Aliquam lacinia interdum lectus, at mattis enim vehicula ut.","Aliquam cursus orci justo, at volutpat ex fringilla quis. Cras volutpat urna est, eu interdum nibh finibus ac. Suspendisse porttitor ex risus, at vulputate augue aliquet in. Cras pulvinar et nisi id pulvinar. Proin luctus bibendum tellus eget laoreet. Aliquam a odio eu quam posuere egestas. Donec efficitur, felis id pretium vulputate, enim leo congue turpis, et sollicitudin est diam eget mi. Ut eu mauris nec diam fringilla dictum.

Donec quam nunc, tempus iaculis consectetur at, fermentum non erat. Morbi vel suscipit ligula. Nulla sit amet tempor nisi. Quisque lacinia rhoncus turpis, dapibus congue arcu elementum eu. Nam maximus diam sed sapien pharetra tristique. Duis sollicitudin turpis in turpis porta, sit amet facilisis nulla vehicula. Sed at vestibulum magna. Etiam nisi tellus, semper nec accumsan eu, pellentesque nec lorem. Aliquam lacinia interdum lectus, at mattis enim vehicula ut. In molestie lobortis ex non porttitor. Vestibulum sed luctus diam. Morbi imperdiet sit amet tortor eu tincidunt. Nulla augue lectus, gravida a nulla a, dapibus viverra lectus. Nam finibus urna eget eros convallis, non hendrerit massa semper.

In aliquet urna non posuere ultrices. Aliquam non egestas eros. Nullam et luctus nisi. Proin sit amet semper felis. Sed eu metus magna. Aenean eros elit, luctus vel posuere ac, tempus egestas purus. Lorem ipsum dolor sit amet, consectetur adipiscing elit. Pellentesque bibendum massa eu neque eleifend ultricies. Aenean in vehicula ipsum.","publish","0","2018-02-26 09:55:26","1","open","373O091","no","no","","585.99","550.0","","","","","","","instock","no","no","taxable","","","","","","-1","-1","","","http://katyzan.ticthemes.com/wp-content/uploads/2018/02/Product-26.jpg | http://katyzan.ticthemes.com/wp-content/uploads/2018/02/Product-10.jpg | http://katyzan.ticthemes.com/wp-content/uploads/2018/02/Product-30.jpg | http://katyzan.ticthemes.com/wp-content/uploads/2018/02/Product-40.jpg","","grouped","","Cell Phones &amp; Accessories|Home Audio &amp; Theater|New Arrivals|Top 100 Best Seller","Apple|Hot Products","","","","","","",""
"Gaming Mouse","gaming-mouse","232","Duis sollicitudin turpis in turpis porta, sit amet facilisis nulla vehicula. Sed at vestibulum magna.

Etiam nisi tellus, semper nec accumsan eu, pellentesque nec lorem.

Aliquam lacinia interdum lectus, at mattis enim vehicula ut. In molestie lobortis ex non porttitor.","Cursus orci justo, at volutpat ex fringilla quis. Cras volutpat urna est, eu interdum nibh finibus ac. Suspendisse porttitor ex risus, at vulputate augue aliquet in. Cras pulvinar et nisi id pulvinar. Proin luctus bibendum tellus eget laoreet. Aliquam a odio eu quam posuere egestas. Donec efficitur, felis id pretium vulputate, enim leo congue turpis, et sollicitudin est diam eget mi. Ut eu mauris nec diam fringilla dictum.

Donec quam nunc, tempus iaculis consectetur at, fermentum non erat. Morbi vel suscipit ligula. Nulla sit amet tempor nisi. Quisque lacinia rhoncus turpis, dapibus congue arcu elementum eu. Nam maximus diam sed sapien pharetra tristique. Duis sollicitudin turpis in turpis porta, sit amet facilisis nulla vehicula. Sed at vestibulum magna. Etiam nisi tellus, semper nec accumsan eu, pellentesque nec lorem. Aliquam lacinia interdum lectus, at mattis enim vehicula ut. In molestie lobortis ex non porttitor. Vestibulum sed luctus diam. Morbi imperdiet sit amet tortor eu tincidunt. Nulla augue lectus, gravida a nulla a, dapibus viverra lectus. Nam finibus urna eget eros convallis, non hendrerit massa semper.

In aliquet urna non posuere ultrices. Aliquam non egestas eros. Nullam et luctus nisi. Proin sit amet semper felis. Sed eu metus magna. Aenean eros elit, luctus vel posuere ac, tempus egestas purus. Lorem ipsum dolor sit amet, consectetur adipiscing elit. Pellentesque bibendum massa eu neque eleifend ultricies. Aenean in vehicula ipsum.","publish","0","2018-02-27 07:42:41","1","open","112Q331","no","no","","26.00","","","","","","","","instock","no","no","taxable","","","","","","-1","-1","http://katyzan.ticthemes.com/product/apple-iphone-x-256-gb-t-mobile/","Buy Now","http://katyzan.ticthemes.com/wp-content/uploads/2018/02/Product-28.jpg","","simple","","Cell Phones &amp; Accessories","Hot Products|New Products","","","","","","",""
"USB Flash Drives","usb-flash-drives","233","Duis sollicitudin turpis in turpis porta, sit amet facilisis nulla vehicula.

Sed at vestibulum magna. Etiam nisi tellus, semper nec accumsan eu, pellentesque nec lorem.

Aliquam lacinia interdum lectus, at mattis enim vehicula ut.","Goiquam cursus orci justo, at volutpat ex fringilla quis. Cras volutpat urna est, eu interdum nibh finibus ac. Suspendisse porttitor ex risus, at vulputate augue aliquet in. Cras pulvinar et nisi id pulvinar. Proin luctus bibendum tellus eget laoreet. Aliquam a odio eu quam posuere egestas. Donec efficitur, felis id pretium vulputate, enim leo congue turpis, et sollicitudin est diam eget mi. Ut eu mauris nec diam fringilla dictum.

Donec quam nunc, tempus iaculis consectetur at, fermentum non erat. Morbi vel suscipit ligula. Nulla sit amet tempor nisi. Quisque lacinia rhoncus turpis, dapibus congue arcu elementum eu. Nam maximus diam sed sapien pharetra tristique. Duis sollicitudin turpis in turpis porta, sit amet facilisis nulla vehicula. Sed at vestibulum magna. Etiam nisi tellus, semper nec accumsan eu, pellentesque nec lorem. Aliquam lacinia interdum lectus, at mattis enim vehicula ut. In molestie lobortis ex non porttitor. Vestibulum sed luctus diam. Morbi imperdiet sit amet tortor eu tincidunt. Nulla augue lectus, gravida a nulla a, dapibus viverra lectus. Nam finibus urna eget eros convallis, non hendrerit massa semper.

In aliquet urna non posuere ultrices. Aliquam non egestas eros. Nullam et luctus nisi. Proin sit amet semper felis. Sed eu metus magna. Aenean eros elit, luctus vel posuere ac, tempus egestas purus. Lorem ipsum dolor sit amet, consectetur adipiscing elit. Pellentesque bibendum massa eu neque eleifend ultricies. Aenean in vehicula ipsum.","publish","0","2018-02-27 07:42:47","1","open","11S9781","no","no","","34.99","29.00","","","","","","","outofstock","no","no","taxable","","","","","","-1","-1","","","http://katyzan.ticthemes.com/wp-content/uploads/2018/02/Product-29.jpg","","simple","outofstock","Cell Phones &amp; Accessories|New Arrivals|Top 100 Best Seller|TV &amp; Video","Hot Products|New Products","","","","","","",""
"Anker Aluminum Portable Charger","anker-aluminum-portable-charger","234","Duis sollicitudin turpis in turpis porta, sit amet facilisis nulla vehicula.

Sed at vestibulum magna. Etiam nisi tellus, semper nec accumsan eu, pellentesque nec lorem.

Aliquam lacinia interdum lectus, at mattis enim vehicula ut.","Quersus orci justo, at volutpat ex fringilla quis. Cras volutpat urna est, eu interdum nibh finibus ac. Suspendisse porttitor ex risus, at vulputate augue aliquet in. Cras pulvinar et nisi id pulvinar. Proin luctus bibendumuam ctellus eget laoreet. Aliquam a odio eu quam posuere egestas. Donec efficitur, felis id pretium vulputate, enim leo congue turpis, et sollicitudin est diam eget mi. Ut eu mauris nec diam fringilla dictum.

Donec quam nunc, tempus iaculis consectetur at, fermentum non erat. Morbi vel suscipit ligula. Nulla sit amet tempor nisi. Quisque lacinia rhoncus turpis, dapibus congue arcu elementum eu. Nam maximus diam sed sapien pharetra tristique. Duis sollicitudin turpis in turpis porta, sit amet facilisis nulla vehicula. Sed at vestibulum magna. Etiam nisi tellus, semper nec accumsan eu, pellentesque nec lorem. Aliquam lacinia interdum lectus, at mattis enim vehicula ut. In molestie lobortis ex non porttitor. Vestibulum sed luctus diam. Morbi imperdiet sit amet tortor eu tincidunt. Nulla augue lectus, gravida a nulla a, dapibus viverra lectus. Nam finibus urna eget eros convallis, non hendrerit massa semper.

In aliquet urna non posuere ultrices. Aliquam non egestas eros. Nullam et luctus nisi. Proin sit amet semper felis. Sed eu metus magna. Aenean eros elit, luctus vel posuere ac, tempus egestas purus. Lorem ipsum dolor sit amet, consectetur adipiscing elit. Pellentesque bibendum massa eu neque eleifend ultricies. Aenean in vehicula ipsum.","publish","0","2018-02-27 07:42:51","1","open","115V781","no","no","","35.5","","","","","","","","instock","no","no","taxable","","","","","","-1","-1","","","http://katyzan.ticthemes.com/wp-content/uploads/2018/02/Product-33.jpg","","simple","","Cell Phones &amp; Accessories|Electronics Showcase|Home Audio &amp; Theater","Hot Products","","","","","","",""
"OPPO R9S Plus 6 inch Large Screen","oppo-r9s-plus-6-inch-large-screen","235","Duis sollicitudin turpis in turpis porta, sit amet facilisis nulla vehicula.

Sed at vestibulum magna. Etiam nisi tellus, semper nec accumsan eu, pellentesque nec lorem.

Aliquam lacinia interdum lectus, at mattis enim vehicula ut.","Query liam liquam cursus orci justo, at volutpat ex fringilla quis. Cras volutpat urna est, eu interdum nibh finibus ac. Suspendisse porttitor ex risus, at vulputate augue aliquet in. Cras pulvinar et nisi id pulvinar. Proin luctus bibendum tellus eget laoreet. Aliquam a odio eu quam posuere egestas. Donec efficitur, felis id pretium vulputate, enim leo congue turpis, et sollicitudin est diam eget mi. Ut eu mauris nec diam fringilla dictum.

Donec quam nunc, tempus iaculis consectetur at, fermentum non erat. Morbi vel suscipit ligula. Nulla sit amet tempor nisi. Quisque lacinia rhoncus turpis, dapibus congue arcu elementum eu. Nam maximus diam sed sapien pharetra tristique. Duis sollicitudin turpis in turpis porta, sit amet facilisis nulla vehicula. Sed at vestibulum magna. Etiam nisi tellus, semper nec accumsan eu, pellentesque nec lorem. Aliquam lacinia interdum lectus, at mattis enim vehicula ut. In molestie lobortis ex non porttitor. Vestibulum sed luctus diam. Morbi imperdiet sit amet tortor eu tincidunt. Nulla augue lectus, gravida a nulla a, dapibus viverra lectus. Nam finibus urna eget eros convallis, non hendrerit massa semper.

In aliquet urna non posuere ultrices. Aliquam non egestas eros. Nullam et luctus nisi. Proin sit amet semper felis. Sed eu metus magna. Aenean eros elit, luctus vel posuere ac, tempus egestas purus. Lorem ipsum dolor sit amet, consectetur adipiscing elit. Pellentesque bibendum massa eu neque eleifend ultricies. Aenean in vehicula ipsum.","publish","0","2018-02-27 07:55:33","1","open","115A787-1","no","no","","499.00","","","","","","","","instock","no","no","taxable","","","","","","-1","-1","","","http://katyzan.ticthemes.com/wp-content/uploads/2018/02/Product-35.jpg | http://katyzan.ticthemes.com/wp-content/uploads/2018/02/Product-19.jpg | http://katyzan.ticthemes.com/wp-content/uploads/2018/02/Product-36.jpg | http://katyzan.ticthemes.com/wp-content/uploads/2018/02/pro-42.jpg | http://katyzan.ticthemes.com/wp-content/uploads/2018/02/Product-11.jpg","","simple","","Camera, Photo &amp; Video|Cell Phones &amp; Accessories|New Arrivals","Hot Products|Oppo","","","","","","",""
"Sony 4k Ultra HD Smart LED TV","sony-4k-ultra-hd-smart-led-tv","236","In aliquet urna non posuere ultrices. Aliquam non egestas eros.

Nullam et luctus nisi. Proin sit amet semper felis. Sed eu metus magna. Aenean eros elit egestas purus.

Lorem ipsum dolor sit amet, consectetur adipiscing elit. Aenean in vehicula ipsum.","Aliquam cursus orci justo, at volutpat ex fringilla quis. Cras volutpat urna est, eu interdum nibh finibus ac. Suspendisse porttitor ex risus, at vulputate augue aliquet in. Cras pulvinar et nisi id pulvinar. Proin luctus bibendum tellus eget laoreet. Aliquam a odio eu quam posuere egestas. Donec efficitur, felis id pretium vulputate, enim leo congue turpis, et sollicitudin est diam eget mi. Ut eu mauris nec diam fringilla dictum.

Donec quam nunc, tempus iaculis consectetur at, fermentum non erat. Morbi vel suscipit ligula. Nulla sit amet tempor nisi. Quisque lacinia rhoncus turpis, dapibus congue arcu elementum eu. Nam maximus diam sed sapien pharetra tristique. Duis sollicitudin turpis in turpis porta, sit amet facilisis nulla vehicula. Sed at vestibulum magna. Etiam nisi tellus, semper nec accumsan eu, pellentesque nec lorem. Aliquam lacinia interdum lectus, at mattis enim vehicula ut. In molestie lobortis ex non porttitor. Vestibulum sed luctus diam. Morbi imperdiet sit amet tortor eu tincidunt. Nulla augue lectus, gravida a nulla a, dapibus viverra lectus. Nam finibus urna eget eros convallis, non hendrerit massa semper.

In aliquet urna non posuere ultrices. Aliquam non egestas eros. Nullam et luctus nisi. Proin sit amet semper felis. Sed eu metus magna. Aenean eros elit, luctus vel posuere ac, tempus egestas purus. Lorem ipsum dolor sit amet, consectetur adipiscing elit. Pellentesque bibendum massa eu neque eleifend ultricies. Aenean in vehicula ipsum.","publish","0","2018-02-27 07:55:35","1","open","115Q783","no","no","","850.0","699.0","","","","","","","instock","no","no","taxable","","","","","","-1","-1","","","http://katyzan.ticthemes.com/wp-content/uploads/2018/02/Product-38.jpg | http://katyzan.ticthemes.com/wp-content/uploads/2018/02/Product-30.jpg | http://katyzan.ticthemes.com/wp-content/uploads/2018/02/Product-20.jpg | http://katyzan.ticthemes.com/wp-content/uploads/2018/02/Product-8.jpg | http://katyzan.ticthemes.com/wp-content/uploads/2018/02/Product-19.jpg","","simple","","Electronics Showcase|Home Audio &amp; Theater|Top 100 Best Seller|TV &amp; Video","Hot Products|Sony","","","","","15.5""|5.1""|5.8""|52""","1|1|1",""
